Tersina,Charlon,tcharlon0@abc.net.au,Female
Stanislas,Hinstock,shinstock1@msu.edu,Male
Norry,Agates,nagates2@toplist.cz,Male
Joice,Taill,jtaill3@bing.com,Female
Renie,Elfitt,relfitt4@clickbank.net,Female
Aubrey,Lankester,alankester5@pcworld.com,Male
Barby,Silcocks,bsilcocks6@virginia.edu,Female
Wayland,Soper,wsoper7@edublogs.org,Male
Marya,Glendinning,mglendinning8@yahoo.com,Female
Ashleigh,Goldis,agoldis9@google.com.br,Female
Phebe,Nell,pnella@vkontakte.ru,Female
Brynn,Fowden,bfowdenb@bloglovin.com,Female
Dominique,Nutter,dnutterc@webmd.com,Male
Vania,Mountlow,vmountlowd@list-manage.com,Female
Letisha,Witherdon,lwitherdone@dyndns.org,Female
Annamarie,Codi,acodif@netvibes.com,Female
Fawnia,Swainson,fswainsong@flickr.com,Female
Cale,Pidwell,cpidwellh@mtv.com,Male
Rudd,Osgerby,rosgerbyi@google.com.au,Male
Elita,Beveredge,ebeveredgej@economist.com,Female
Leonardo,Roden,lrodenk@slate.com,Male
Cristiano,Gladdifh,cgladdifhl@skype.com,Male
Avril,Stallibrass,astallibrassm@barnesandnoble.com,Female
Keen,Botha,kbothan@facebook.com,Male
Guthry,Stokell,gstokello@weebly.com,Male
Brew,Beaglehole,bbeagleholep@sogou.com,Male
Moyra,Haste,mhasteq@stumbleupon.com,Female
Iolanthe,Buckel,ibuckelr@wordpress.com,Female
Christoph,Thomas,cthomass@nymag.com,Male
Tait,Give,tgivet@oracle.com,Male
Lion,Hibbart,lhibbartu@forbes.com,Male
Salvidor,Sargint,ssargintv@wired.com,Male
Hyacinth,Gerhardt,hgerhardtw@w3.org,Male
Garv,Lys,glysx@ed.gov,Male
Ursola,Swindell,uswindelly@google.es,Female
Rob,Haffenden,rhaffendenz@delicious.com,Male
Cornelius,Hefford,chefford10@about.me,Male
Phillie,Hedgecock,phedgecock11@bbc.co.uk,Female
Marylinda,Chartman,mchartman12@altervista.org,Female
Giorgi,Sircombe,gsircombe13@telegraph.co.uk,Male
Pearce,Rosendale,prosendale14@cbc.ca,Male
Dore,Jennison,djennison15@macromedia.com,Female
Josephina,Crosher,jcrosher16@economist.com,Female
Markos,Sisneros,msisneros17@hugedomains.com,Male
Jacquie,Marques,jmarques18@timesonline.co.uk,Female
Eldredge,Skilling,eskilling19@mtv.com,Female
Georgianne,McSharry,gmcsharry1a@telegraph.co.uk,Female
Gretta,Honnicott,ghonnicott1b@bloglines.com,Female
Suzette,Collcutt,scollcutt1c@amazon.co.uk,Female
Carmine,Lau,clau1d@nature.com,Male
Leelah,Brownrigg,lbrownrigg1e@independent.co.uk,Female
Ofelia,Howler,ohowler1f@cbsnews.com,Female
Ahmed,Vittery,avittery1g@auda.org.au,Male
Annadiana,Regitz,aregitz1h@upenn.edu,Female
Kaylee,Haysom,khaysom1i@constantcontact.com,Female
Nada,Naris,nnaris1j@odnoklassniki.ru,Female
Tessi,Jouanot,tjouanot1k@1und1.de,Female
Carrol,Finci,cfinci1l@kickstarter.com,Female
Freeland,Bolton,fbolton1m@free.fr,Male
Eolande,Rajchert,erajchert1n@csmonitor.com,Female
Kimberley,Sirmon,ksirmon1o@google.es,Female
Angelico,Odgaard,aodgaard1p@ameblo.jp,Male
Cyrill,Lydster,clydster1q@devhub.com,Male
Sisile,Blaxall,sblaxall1r@europa.eu,Female
Francyne,Coulter,fcoulter1s@google.com.hk,Female
Jamie,Baldcock,jbaldcock1t@hubpages.com,Male
Frederigo,Goburn,fgoburn1u@guardian.co.uk,Male
Curt,Doles,cdoles1v@wiley.com,Male
Aurie,Cranmer,acranmer1w@statcounter.com,Male
Cherish,Bollans,cbollans1x@jiathis.com,Female
Kyle,Huskinson,khuskinson1y@smugmug.com,Male
Edgardo,Braams,ebraams1z@bandcamp.com,Male
Ali,Gerry,agerry20@unesco.org,Female
Orion,Tendahl,otendahl21@squidoo.com,Male
Willi,Giurio,wgiurio22@google.nl,Male
Genevra,Moulds,gmoulds23@bloomberg.com,Female
Delbert,Braz,dbraz24@baidu.com,Male
Hilton,Sawkins,hsawkins25@icq.com,Male
Ottilie,De Bruyn,odebruyn26@joomla.org,Female
Christian,Culver,cculver27@harvard.edu,Male
Bennie,O'Donnelly,bodonnelly28@shinystat.com,Male
Joleen,Livesley,jlivesley29@seattletimes.com,Female
Cleve,MacHarg,cmacharg2a@moonfruit.com,Female
Trumann,Swiers,tswiers2b@mtv.com,Male
Katerine,Legh,klegh2c@dot.gov,Female
Dari,McCarthy,dmccarthy2d@plala.or.jp,Male
Lief,Leile,lleile2e@utexas.edu,Male
Merell,Mynett,mmynett2f@paypal.com,Female
Town,Gorgler,tgorgler2g@unblog.fr,Male
Ulrike,Rosetti,urosetti2h@senate.gov,Female
Dominica,Wesson,dwesson2i@twitpic.com,Female
Athena,Wholesworth,awholesworth2j@independent.co.uk,Female
Vernon,Traske,vtraske2k@wikimedia.org,Male
Derek,Giacoppoli,dgiacoppoli2l@posterous.com,Male
Daveta,Lightwood,dlightwood2m@earthlink.net,Female
Chane,Smallshaw,csmallshaw2n@google.nl,Male
Heindrick,Sinnatt,hsinnatt2o@cbc.ca,Male
Kathryne,Abreheart,kabreheart2p@ft.com,Female
Justen,Hancock,jhancock2q@privacy.gov.au,Male
Lissi,Isacq,lisacq2r@cbslocal.com,Female
De,Boutwell,dboutwell2s@last.fm,Female
Arie,Onyon,aonyon2t@mozilla.com,Male
Sileas,Snedden,ssnedden2u@ibm.com,Female
Naoma,Jeacocke,njeacocke2v@theglobeandmail.com,Female
Charlene,Longthorn,clongthorn2w@pinterest.com,Female
Dillie,Harcarse,dharcarse2x@amazon.co.uk,Male
Creight,Harman,charman2y@multiply.com,Male
Charla,Culley,cculley2z@dailymail.co.uk,Female
Ulrikaumeko,Paddington,upaddington30@dion.ne.jp,Female
Keary,Stranieri,kstranieri31@pbs.org,Male
Hazel,Ovens,hovens32@bloglovin.com,Female
Sher,Northleigh,snorthleigh33@weibo.com,Female
Mehetabel,Torvey,mtorvey34@mtv.com,Female
Sherlocke,Duff,sduff35@wp.com,Male
Clark,Cayle,ccayle36@printfriendly.com,Male
Lester,Chetwynd,lchetwynd37@hexun.com,Male
Pearla,Chucks,pchucks38@nsw.gov.au,Female
Fara,Thorby,fthorby39@census.gov,Male
Ninon,Diggens,ndiggens3a@fotki.com,Female
Wally,Timpany,wtimpany3b@tamu.edu,Male
Frank,Benedidick,fbenedidick3c@cdc.gov,Male
Gertrudis,Quare,gquare3d@mapquest.com,Female
Ardelle,Watkins,awatkins3e@pen.io,Female
Debbie,Trass,dtrass3f@a8.net,Female
Marijn,Haslegrave,mhaslegrave3g@photobucket.com,Male
Gordan,L' Estrange,glestrange3h@businessinsider.com,Male
Cele,Winckle,cwinckle3i@ucoz.com,Female
Lombard,Rattenberie,lrattenberie3j@google.com.au,Male
Geno,Petigrew,gpetigrew3k@netlog.com,Male
Winifred,Leverage,wleverage3l@jugem.jp,Female
Vale,Knighton,vknighton3m@icio.us,Female
Clarine,Dows,cdows3n@joomla.org,Male
Venita,Sondon,vsondon3o@unc.edu,Female
Tadeo,Karppi,tkarppi3p@nba.com,Male
Shoshana,Gooddie,sgooddie3q@jigsy.com,Female
Damita,Tollow,dtollow3r@senate.gov,Female
Andy,Howgate,ahowgate3s@cam.ac.uk,Female
Myrvyn,Casier,mcasier3t@forbes.com,Male
Winna,Lassen,wlassen3u@ebay.com,Female
Leeland,McNeice,lmcneice3v@time.com,Male
Lin,Lease,llease3w@irs.gov,Male
Ado,Crux,acrux3x@yolasite.com,Male
Filbert,Jurkowski,fjurkowski3y@acquirethisname.com,Male
Lenore,Tuberfield,ltuberfield3z@gmpg.org,Female
Angeline,Seldon,aseldon40@apple.com,Female
Kandy,Murch,kmurch41@marriott.com,Female
Ardyth,Boome,aboome42@sfgate.com,Female
Carl,Ballin,cballin43@redcross.org,Male
Bondie,Whiteway,bwhiteway44@shutterfly.com,Male
Cloris,Jachimczak,cjachimczak45@biblegateway.com,Male
Kessia,Dolphin,kdolphin46@marketwatch.com,Female
Patrice,Tacey,ptacey47@census.gov,Male
Perceval,Pfeiffer,ppfeiffer48@economist.com,Male
Kathleen,Wolford,kwolford49@columbia.edu,Female
Orton,Di Francesco,odifrancesco4a@ft.com,Male
Mercie,Bayns,mbayns4b@pagesperso-orange.fr,Female
Ange,Bampfield,abampfield4c@elegantthemes.com,Female
Shay,Beattie,sbeattie4d@artisteer.com,Male
Belicia,Lamplugh,blamplugh4e@sakura.ne.jp,Female
Hedvig,Alster,halster4f@state.tx.us,Female
Lonny,Cholmondeley,lcholmondeley4g@wufoo.com,Male
Padraig,Carnegie,pcarnegie4h@about.com,Male
Vassili,Weinham,vweinham4i@accuweather.com,Male
Randy,Trowsdall,rtrowsdall4j@woothemes.com,Female
Lancelot,Napolione,lnapolione4k@tiny.cc,Male
Gordan,Goodisson,ggoodisson4l@myspace.com,Male
Sigismond,Knutton,sknutton4m@usda.gov,Male
Franky,Pavlov,fpavlov4n@dedecms.com,Female
Kahlil,Bawles,kbawles4o@noaa.gov,Male
Linea,Paulet,lpaulet4p@cocolog-nifty.com,Female
Roselia,Pleasants,rpleasants4q@springer.com,Female
Corry,Minor,cminor4r@latimes.com,Female
Dody,Tranfield,dtranfield4s@earthlink.net,Female
Hope,Sinclaire,hsinclaire4t@ask.com,Female
Maxie,Simeoli,msimeoli4u@netvibes.com,Male
Kleon,Bockler,kbockler4v@cam.ac.uk,Male
Camille,Speenden,cspeenden4w@phoca.cz,Female
Alameda,Tomasi,atomasi4x@oracle.com,Female
Benyamin,Manon,bmanon4y@xrea.com,Male
Valencia,Killen,vkillen4z@dropbox.com,Female
Johnette,Plumm,jplumm50@facebook.com,Female
Goldina,Comello,gcomello51@smugmug.com,Female
Bryan,Symcock,bsymcock52@prweb.com,Male
Doralin,Costigan,dcostigan53@trellian.com,Female
Sanford,Mannering,smannering54@tinypic.com,Male
Tripp,Woodson,twoodson55@state.tx.us,Male
Aguie,Rahill,arahill56@unesco.org,Male
Tybi,Kelmere,tkelmere57@elegantthemes.com,Female
Neddie,Eastment,neastment58@prnewswire.com,Male
Agneta,Falconar,afalconar59@statcounter.com,Female
Adah,Eyers,aeyers5a@angelfire.com,Female
Anabal,Hodges,ahodges5b@soundcloud.com,Female
Constancy,Leblanc,cleblanc5c@businessweek.com,Female
Ariella,Ruvel,aruvel5d@meetup.com,Female
Dill,Pergens,dpergens5e@wordpress.org,Male
Tandi,Stuchberry,tstuchberry5f@nba.com,Female
Harlen,Willwood,hwillwood5g@census.gov,Male
Gerri,Heskey,gheskey5h@irs.gov,Male
Chan,Joust,cjoust5i@gmpg.org,Male
Dante,Cosin,dcosin5j@google.ru,Male
Sidney,Dudliston,sdudliston5k@tamu.edu,Male
Audy,Jedrych,ajedrych5l@t.co,Female
Hannie,Reglar,hreglar5m@goo.ne.jp,Female
Jeralee,Maunton,jmaunton5n@sfgate.com,Female
Vasili,Acton,vacton5o@mlb.com,Male
Nadia,Morin,nmorin5p@hugedomains.com,Female
Cobb,Cumbes,ccumbes5q@joomla.org,Male
Simona,Gornal,sgornal5r@guardian.co.uk,Female
Sigfrid,Graves,sgraves5s@usgs.gov,Male
Genovera,Gargett,ggargett5t@surveymonkey.com,Female
Rita,Gouley,rgouley5u@bizjournals.com,Female
Joice,Keig,jkeig5v@sun.com,Female
Ellwood,Arnecke,earnecke5w@toplist.cz,Male
Leonidas,Mence,lmence5x@walmart.com,Male
Arron,Hansel,ahansel5y@diigo.com,Male
Jerrome,Laughlin,jlaughlin5z@shinystat.com,Male
Kristien,Diemer,kdiemer60@uiuc.edu,Female
Aubrey,Fessier,afessier61@constantcontact.com,Male
Tonia,Harome,tharome62@twitpic.com,Female
Fredrick,Chitson,fchitson63@cdbaby.com,Male
Jory,Stirton,jstirton64@xing.com,Male
Shelby,Forte,sforte65@globo.com,Female
Ced,McKeighan,cmckeighan66@nsw.gov.au,Female
Hallie,Pond-Jones,hpondjones67@harvard.edu,Female
Steffane,Smeeth,ssmeeth68@yellowpages.com,Female
Shelba,Grevile,sgrevile69@slashdot.org,Male
Gerrie,Yglesia,gyglesia6a@telegraph.co.uk,Male
Marilyn,Misselbrook,mmisselbrook6b@wp.com,Female
Orin,Stapylton,ostapylton6c@java.com,Male
Crissie,Hollier,chollier6d@statcounter.com,Female
Jeramey,Getley,jgetley6e@whitehouse.gov,Male
Angelika,Ferrand,aferrand6f@discuz.net,Female
Alphonse,Telega,atelega6g@nps.gov,Male
Breanne,Backler,bbackler6h@ycombinator.com,Female
Belicia,Nutty,bnutty6i@weather.com,Female
Dollie,Bamlett,dbamlett6j@bloglovin.com,Male
Sheffie,Baal,sbaal6k@google.it,Male
Hew,Da Costa,hdacosta6l@ted.com,Male
Deane,Leavey,dleavey6m@cdc.gov,Female
Bab,Wims,bwims6n@phoca.cz,Female
Stephie,Fullalove,sfullalove6o@joomla.org,Female
Gal,Seymer,gseymer6p@google.co.jp,Male
Elianora,Oke,eoke6q@dell.com,Female
Ancell,Breed,abreed6r@webmd.com,Male
Krisha,Pappin,kpappin6s@pbs.org,Male
Marissa,Aseef,maseef6t@toplist.cz,Female
Ganny,Dericot,gdericot6u@independent.co.uk,Male
Uriel,Cory,ucory6v@tripadvisor.com,Male
Dag,Gain,dgain6w@google.com.au,Male
Pat,Boots,pboots6x@studiopress.com,Female
Eada,Niccols,eniccols6y@xinhuanet.com,Female
Janeva,Fulun,jfulun6z@so-net.ne.jp,Female
Alastair,Alvar,aalvar70@cdbaby.com,Male
Ansley,McGowan,amcgowan71@devhub.com,Female
Phyllis,Toplis,ptoplis72@eventbrite.com,Female
Vonnie,Spoor,vspoor73@domainmarket.com,Female
Hebert,Coats,hcoats74@fastcompany.com,Male
Nicholas,Hince,nhince75@istockphoto.com,Male
Drusy,Hickinbottom,dhickinbottom76@icq.com,Female
Kerry,Hanner,khanner77@oracle.com,Male
Isabelita,Viant,iviant78@canalblog.com,Female
Padraig,Ianno,pianno79@globo.com,Male
Fernande,Glendenning,fglendenning7a@ihg.com,Female
Alyssa,Itzkov,aitzkov7b@europa.eu,Male
Curtice,Channon,cchannon7c@patch.com,Male
Darn,Dibb,ddibb7d@pagesperso-orange.fr,Male
Page,Lasham,plasham7e@fc2.com,Male
Dmitri,Treleven,dtreleven7f@domainmarket.com,Male
Kellen,Willgoose,kwillgoose7g@mit.edu,Male
Ellsworth,Heathfield,eheathfield7h@mtv.com,Male
Gunter,Peiro,gpeiro7i@1und1.de,Male
Jaquelyn,Brendeke,jbrendeke7j@mediafire.com,Female
Claudian,Meegan,cmeegan7k@home.pl,Male
Brianna,Sautter,bsautter7l@homestead.com,Female
Teodorico,Losebie,tlosebie7m@earthlink.net,Male
Cari,Smitherman,csmitherman7n@google.co.uk,Male
Harlie,Gregoretti,hgregoretti7o@usa.gov,Female
Ilaire,Guirard,iguirard7p@delicious.com,Male
Jabez,Cains,jcains7q@amazon.com,Male
Wynn,Lory,wlory7r@loc.gov,Female
Farrel,McLorinan,fmclorinan7s@smh.com.au,Male
Loralie,Goldine,lgoldine7t@flickr.com,Female
Lind,Toomey,ltoomey7u@google.es,Female
Keane,Maasze,kmaasze7v@1und1.de,Male
Abie,Di Biagio,adibiagio7w@bloglovin.com,Male
Cobb,Mebs,cmebs7x@mozilla.org,Male
Damaris,Patesel,dpatesel7y@seesaa.net,Female
Nathalie,Corsor,ncorsor7z@tamu.edu,Female
Jaymie,Bedminster,jbedminster80@imgur.com,Male
Berenice,Bartoszek,bbartoszek81@cocolog-nifty.com,Female
Belinda,Hardie,bhardie82@deviantart.com,Female
Audrey,Croyser,acroyser83@google.ru,Female
Iseabal,Worley,iworley84@unc.edu,Female
Hendrik,Butterfint,hbutterfint85@ask.com,Male
Warner,Streater,wstreater86@netvibes.com,Male
Dorothea,Fliege,dfliege87@newyorker.com,Female
Jayson,Althrope,jalthrope88@imgur.com,Male
Mala,Laydon,mlaydon89@vkontakte.ru,Female
Stephanus,Mabb,smabb8a@reverbnation.com,Male
Kermy,Ronchetti,kronchetti8b@ucla.edu,Male
Charlean,Skehan,cskehan8c@jalbum.net,Female
Gilbertina,Bernardeschi,gbernardeschi8d@cargocollective.com,Female
Daphene,Seeger,dseeger8e@hao123.com,Female
Francesca,Bortoluzzi,fbortoluzzi8f@icq.com,Female
Benedicta,Phlippi,bphlippi8g@state.tx.us,Female
Christean,Brahmer,cbrahmer8h@spotify.com,Female
Corine,Antonetti,cantonetti8i@yelp.com,Female
Padraig,Jeanes,pjeanes8j@wiley.com,Male
Barton,Jacques,bjacques8k@google.com.hk,Male
Alejandrina,Veldens,aveldens8l@cyberchimps.com,Female
Pip,Worsley,pworsley8m@businessweek.com,Male
Kerwin,Tarplee,ktarplee8n@vinaora.com,Male
Karlis,Plaskett,kplaskett8o@reference.com,Male
Petey,Mitchely,pmitchely8p@abc.net.au,Male
Olympie,Domleo,odomleo8q@blogspot.com,Female
Kiley,Tabner,ktabner8r@state.gov,Female
Merla,Missen,mmissen8s@canalblog.com,Female
Suzi,Massow,smassow8t@alibaba.com,Female
Lucinda,Rivelon,lrivelon8u@gov.uk,Female
Ham,Brazener,hbrazener8v@geocities.jp,Male
Cole,Temperley,ctemperley8w@pen.io,Male
Louis,Gascoine,lgascoine8x@hostgator.com,Male
Sybilla,Reynault,sreynault8y@mail.ru,Female
Hill,Bisco,hbisco8z@mlb.com,Male
Cynthia,Merrisson,cmerrisson90@howstuffworks.com,Female
Mira,Morde,mmorde91@alexa.com,Female
Katrina,McAnulty,kmcanulty92@smh.com.au,Female
Miguel,Gapper,mgapper93@economist.com,Male
Hali,Axtonne,haxtonne94@elpais.com,Female
Sephira,Dennerley,sdennerley95@forbes.com,Female
Teresa,Duffyn,tduffyn96@netlog.com,Female
Pren,Poxon,ppoxon97@admin.ch,Male
Jami,Sink,jsink98@de.vu,Female
Daisi,Hugill,dhugill99@mashable.com,Female
Rollo,Siverns,rsiverns9a@cnet.com,Male
Sallyann,Donativo,sdonativo9b@soup.io,Female
Bradan,Yukhov,byukhov9c@sbwire.com,Male
Paton,Dell Casa,pdellcasa9d@nps.gov,Male
Shayna,Kloska,skloska9e@dailymotion.com,Female
Melania,Van Schafflaer,mvanschafflaer9f@google.co.uk,Female
Cris,Ales,cales9g@tuttocitta.it,Female
Josselyn,Hardwick,jhardwick9h@a8.net,Female
Matias,Mumby,mmumby9i@ucoz.com,Male
Fletcher,Naden,fnaden9j@wordpress.com,Male
Rahal,Bautiste,rbautiste9k@epa.gov,Female
Deva,Satford,dsatford9l@google.co.jp,Female
Duke,Jannasch,djannasch9m@dmoz.org,Male
Orren,Simon,osimon9n@arizona.edu,Male
Ludwig,Elston,lelston9o@washingtonpost.com,Male
Koenraad,Meecher,kmeecher9p@indiatimes.com,Male
Ignacio,Mion,imion9q@redcross.org,Male
Kenna,Linnard,klinnard9r@gravatar.com,Female
Friedrick,Cookman,fcookman9s@examiner.com,Male
Tuck,Gosnay,tgosnay9t@wunderground.com,Male
Alicia,Raven,araven9u@lycos.com,Female
Franky,Atcherley,fatcherley9v@etsy.com,Male
Roana,Meriguet,rmeriguet9w@columbia.edu,Female
Aksel,Jakubovitch,ajakubovitch9x@jimdo.com,Male
Frasier,Cowling,fcowling9y@intel.com,Male
Smith,Tongs,stongs9z@ask.com,Male
Aldrich,Raffeorty,araffeortya0@wunderground.com,Male
Clarance,Lumpkin,clumpkina1@economist.com,Male
Alexandro,Vallack,avallacka2@archive.org,Male
Dyan,Foxhall,dfoxhalla3@si.edu,Female
Carr,Abatelli,cabatellia4@twitpic.com,Female
Jermayne,Rottenbury,jrottenburya5@123-reg.co.uk,Male
Edee,Lingfoot,elingfoota6@comsenz.com,Female
Westbrook,Jiricka,wjirickaa7@apache.org,Male
Cullen,Jurisch,cjurischa8@histats.com,Male
Ethel,Kordt,ekordta9@usgs.gov,Female
Tabitha,Selcraig,tselcraigaa@networksolutions.com,Female
Haley,Keaysell,hkeaysellab@reverbnation.com,Female
Bram,Hardwin,bhardwinac@craigslist.org,Male
Thornie,Chsteney,tchsteneyad@yolasite.com,Male
Pris,Gratrix,pgratrixae@thetimes.co.uk,Female
Gabrila,Strase,gstraseaf@about.com,Female
Scarlet,Gleader,sgleaderag@techcrunch.com,Female
Dixie,D'Oyley,ddoyleyah@ed.gov,Female
Clair,Haythornthwaite,chaythornthwaiteai@mysql.com,Male
Roana,Cromarty,rcromartyaj@princeton.edu,Female
Nestor,Redmille,nredmilleak@europa.eu,Male
Winfred,Bartak,wbartakal@de.vu,Male
Lissa,Beven,lbevenam@angelfire.com,Male
Dyan,Nafzger,dnafzgeran@cmu.edu,Female
Rancell,Matt,rmattao@google.nl,Male
Mercy,Huikerby,mhuikerbyap@nih.gov,Female
Andre,Tant,atantaq@ovh.net,Male
Agnes,Pyne,apynear@t-online.de,Female
Artemus,Gurnay,agurnayas@newsvine.com,Male
Hymie,Van Hault,hvanhaultat@php.net,Male
Bastian,Bau,bbauau@google.pl,Male
Faina,Schild,fschildav@hubpages.com,Female
Puff,Wiszniewski,pwiszniewskiaw@telegraph.co.uk,Male
Dallis,Allcorn,dallcornax@e-recht24.de,Male
Washington,McManamon,wmcmanamonay@bloomberg.com,Male
Iorgo,McAw,imcawaz@ning.com,Male
Codie,Alishoner,calishonerb0@de.vu,Female
Angie,Glover,agloverb1@smh.com.au,Male
Marylinda,Aidler,maidlerb2@google.cn,Male
Ros,Sabie,rsabieb3@drupal.org,Female
Butch,MacDuffie,bmacduffieb4@drupal.org,Male
Giselle,Brumfield,gbrumfieldb5@qq.com,Female
Kahaleel,Simenot,ksimenotb6@ucla.edu,Male
Mora,Aleksich,maleksichb7@go.com,Female
Waylon,Stangoe,wstangoeb8@cnn.com,Male
Trula,Standen,tstandenb9@so-net.ne.jp,Female
Den,Liddicoat,dliddicoatba@devhub.com,Male
Bill,Misk,bmiskbb@diigo.com,Male
Brooks,Bromige,bbromigebc@weibo.com,Male
Thadeus,Abbe,tabbebd@1und1.de,Male
Nilson,O'Flaverty,noflavertybe@fc2.com,Male
Karel,Disbrow,kdisbrowbf@admin.ch,Male
Guillermo,Fitzhenry,gfitzhenrybg@prlog.org,Male
Olia,Pressnell,opressnellbh@java.com,Female
Davey,Yakobovicz,dyakoboviczbi@dell.com,Male
Jacob,Conyard,jconyardbj@t-online.de,Male
Chaddie,Gumly,cgumlybk@mlb.com,Male
Whit,Habens,whabensbl@people.com.cn,Male
Filbert,Linstead,flinsteadbm@yahoo.co.jp,Male
Arnie,Creavin,acreavinbn@elpais.com,Male
Kylila,Styles,kstylesbo@goo.gl,Female
Zachery,Viggars,zviggarsbp@booking.com,Male
Kinsley,Lovart,klovartbq@icq.com,Male
Tanney,Corkan,tcorkanbr@springer.com,Male
Glen,Garvin,ggarvinbs@shutterfly.com,Male
Serge,Gollard,sgollardbt@over-blog.com,Male
Lilllie,Kitt,lkittbu@is.gd,Female
Louisa,Bilbie,lbilbiebv@odnoklassniki.ru,Female
Emmerich,Philipeau,ephilipeaubw@vinaora.com,Male
Janine,Ducker,jduckerbx@artisteer.com,Female
Marylou,Veasey,mveaseyby@blinklist.com,Female
Christa,Rival,crivalbz@opensource.org,Female
Sutton,Phifer,sphiferc0@springer.com,Male
Rozalie,Conford,rconfordc1@usnews.com,Female
Linnet,De Freyne,ldefreynec2@newyorker.com,Female
Ike,Parrett,iparrettc3@cnn.com,Male
Carrissa,Burrill,cburrillc4@slashdot.org,Female
Olwen,Stroulger,ostroulgerc5@scribd.com,Female
Everett,Curuclis,ecuruclisc6@dailymotion.com,Male
Lorant,Shipp,lshippc7@cpanel.net,Male
Franciskus,Stannus,fstannusc8@photobucket.com,Male
Jillie,Murcutt,jmurcuttc9@fastcompany.com,Female
Adrian,Ganiford,aganifordca@mozilla.com,Female
Reid,Aery,raerycb@disqus.com,Male
Mirelle,Wingham,mwinghamcc@yellowbook.com,Female
Cristi,Saunter,csauntercd@about.me,Female
Hilliary,Gabby,hgabbyce@bloomberg.com,Female
Alicea,Anetts,aanettscf@bizjournals.com,Female
Raimund,Gossage,rgossagecg@networkadvertising.org,Male
Celisse,Caillou,ccaillouch@tripod.com,Male
Rog,Champkin,rchampkinci@youtube.com,Male
Jerry,Monnoyer,jmonnoyercj@yandex.ru,Male
Tedd,Bothie,tbothieck@newyorker.com,Female
Thaddeus,Kellitt,tkellittcl@gmpg.org,Male
Cristian,Longworthy,clongworthycm@omniture.com,Male
Vinnie,Lightbourne,vlightbournecn@domainmarket.com,Male
Mathias,Di Lucia,mdiluciaco@google.fr,Male
Tadio,Kornas,tkornascp@sohu.com,Male
Berte,Spritt,bsprittcq@businessinsider.com,Female
Allx,Benson,abensoncr@harvard.edu,Female
Aura,Hebblewaite,ahebblewaitecs@last.fm,Female
Rafe,Donati,rdonatict@cyberchimps.com,Male
Rudiger,Frary,rfrarycu@pen.io,Male
Carmelina,Corradeschi,ccorradeschicv@163.com,Female
Eugine,Brophy,ebrophycw@ycombinator.com,Female
Malvin,Jiricka,mjirickacx@cdbaby.com,Female
Delia,Uwins,duwinscy@163.com,Female
Vern,Dosedale,vdosedalecz@amazonaws.com,Male
Trent,Haydney,thaydneyd0@cbc.ca,Male
Crosby,Bartolozzi,cbartolozzid1@cdbaby.com,Male
Pooh,Seville,psevilled2@tiny.cc,Female
Alick,Barrar,abarrard3@about.com,Male
Toby,Perfect,tperfectd4@wix.com,Male
Bailey,Chittim,bchittimd5@nsw.gov.au,Male
Nickey,Nichol,nnichold6@bbb.org,Male
Benny,Tod,btodd7@huffingtonpost.com,Male
Kayla,Curuclis,kcuruclisd8@lycos.com,Female
Joline,Grent,jgrentd9@utexas.edu,Female
Izzy,MacDougal,imacdougalda@istockphoto.com,Male
Glenn,Kevlin,gkevlindb@eventbrite.com,Female
Hyacinth,Vondracek,hvondracekdc@timesonline.co.uk,Female
Lazaro,Carabine,lcarabinedd@typepad.com,Male
Gusta,Derham,gderhamde@csmonitor.com,Female
Delphinia,Brou,dbroudf@ifeng.com,Female
Melantha,Darey,mdareydg@ted.com,Female
Hoyt,Leverson,hleversondh@hibu.com,Male
Anjanette,Curzey,acurzeydi@vkontakte.ru,Female
Sander,Wace,swacedj@biglobe.ne.jp,Male
Yvor,Bugbee,ybugbeedk@state.gov,Male
Wendel,Buncher,wbuncherdl@barnesandnoble.com,Female
Kassie,Wasling,kwaslingdm@privacy.gov.au,Female
Mechelle,Attersoll,mattersolldn@yellowpages.com,Female
Geraldine,Whittington,gwhittingtondo@diigo.com,Female
Derk,Maude,dmaudedp@homestead.com,Male
Brendin,Boich,bboichdq@skype.com,Male
Rosaline,Quincey,rquinceydr@mysql.com,Female
Clarisse,Prater,cpraterds@wp.com,Female
Franzen,Spenley,fspenleydt@unc.edu,Male
Miquela,Glantz,mglantzdu@ucla.edu,Female
Erhart,Wyley,ewyleydv@bizjournals.com,Female
